order_id,customer_id,order_date,order_status,payment_method,Column1
50001,1001,1/10/2025,Delivered,UPI,
50002,1002,1/11/2025,Delivered,Credit Card,
50003,1003,1/15/2025,Cancelled,UPI,
50004,1001,1/20/2025,Delivered,Debit Card,
50005,1004,1/25/2025,Returned,UPI,
50006,1005,1/27/2025,Cancelled,COD,
50007,1006,1/29/2025,Delivered,Credit Card,
50008,1007,1/30/2025,Cancelled,UPI,
50009,1008,1/31/2025,Delivered,Debit Card,
50010,1009,1/31/2025,Cancelled,UPI,
50011,1010,2/4/2025,Delivered,COD,
50012,1011,2/5/2025,Cancelled,Credit Card,
50013,1012,2/7/2025,Returned,UPI,
50014,1013,2/9/2025,Delivered,Debit Card,
50015,1014,2/11/2025,Returned,COD,
