order_id,product_id,quantity,unit_price,revenue,cost_price,profit
50001,P001,1,55000.00,55000.00,45000.00,10000.00
50001,P002,2,899.00,1798.00,500.00,798.00
50002,P003,3,799.00,2397.00,400.00,1197.00
50003,P004,1,2999.00,2999.00,1800.00,1199.00
50004,P005,2,3499.00,6998.00,2200.00,2598.00
50004,P007,3,999.00,2997.00,500.00,1497.00
50005,P006,1,6000.00,6000.00,5000.00,1000.00
50006,P008,2,999.00,1998.00,500.00,998.00
50007,P009,1,2999.00,2999.00,1800.00,1199.00
50008,P010,3,3499.00,10497.00,2200.00,3897.00
50009,P004,1,2999.00,2999.00,1800.00,1199.00
50010,P002,1,899.00,899.00,500.00,399.00
50011,P005,1,3499.00,3499.00,2200.00,1299.00
50012,P003,2,799.00,1598.00,400.00,798.00
50013,P007,1,999.00,999.00,500.00,499.00
50014,P006,1,6000.00,6000.00,5000.00,1000.00
50015,P010,1,3499.00,3499.00,2200.00,1299.00
